operation,mariadb_connector_sec,mysql_connector_sec
executemany,23.745809078216553,35.30813503265381
select,25.571347951889038,25.375129222869873
load_infile,9.651723861694336,9.911713123321533
json_insert,21.85528802871704,34.82022404670715
json_select,0.004873037338256836,0.007428169250488281
json_update,0.008578777313232422,0.008723020553588867
